seed,playlist_size,consumption,rotations,algorithm,oracle_benchmark,track_coverage,zero_exposure_tracks,track_gini,track_cv,adjacent_track_overlap,adjacent_overlap_vs_random,recurrence_within_3,recurrence_within_5,weight_entropy,effective_choice_ratio,opportunity_actual_correlation,warnings
2026090501,100,10,10,true_random,False,0.67,33,0.4745999999999999,0.8831760866327847,0.1,1.0,0.26666666666666666,0.3111111111111111,0.9999999999999998,0.9999999999999997,,
2026090502,100,10,10,true_random,False,0.63,37,0.5182,0.9695359714832658,0.12222222222222223,1.2222222222222223,0.25555555555555554,0.3333333333333333,0.9999999999999998,0.9999999999999997,,
2026090501,100,10,10,candidate_a_recency_oracle,True,0.72,28,0.4223999999999999,0.8,0.044444444444444446,0.4444444444444444,0.18888888888888888,0.23333333333333334,0.9964630667331266,0.9838597982994528,0.7326815032548996,
2026090502,100,10,10,candidate_a_recency_oracle,True,0.65,35,0.4850000000000001,0.8944271909999159,0.06666666666666668,0.6666666666666666,0.18888888888888888,0.2888888888888889,0.9964483397761368,0.9837931299735153,0.8039817280255681,
2026090501,100,10,10,candidate_b_exposure_oracle,True,0.72,28,0.4223999999999999,0.8,0.044444444444444446,0.4444444444444444,0.2,0.24444444444444446,0.9966169097429118,0.984562826896191,0.8809263899022903,
2026090502,100,10,10,candidate_b_exposure_oracle,True,0.67,33,0.46019999999999994,0.848528137423857,0.06666666666666668,0.6666666666666666,0.18888888888888888,0.26666666666666666,0.996477076189118,0.9839322678545537,0.8862927853745086,
2026090501,100,10,10,candidate_c_opportunity,False,0.71,29,0.43579999999999997,0.8246211251235321,0.05555555555555555,0.5555555555555556,0.2111111111111111,0.26666666666666666,0.9976577531266019,0.9892814426276482,0.4826480676040742,
2026090502,100,10,10,candidate_c_opportunity,False,0.66,34,0.4727999999999999,0.8717797887081347,0.08888888888888889,0.8888888888888888,0.23333333333333334,0.3111111111111111,0.9972668224957129,0.98750543935769,0.5840300784873869,
2026090501,100,30,10,true_random,False,0.99,1,0.23893333333333322,0.4294699575575042,0.2962962962962963,0.9876543209876544,0.5888888888888889,0.6888888888888889,0.9999999999999998,0.9999999999999997,,
2026090502,100,30,10,true_random,False,0.98,2,0.2604666666666666,0.469041575982343,0.3111111111111111,1.0370370370370372,0.5888888888888889,0.7074074074074074,0.9999999999999998,0.9999999999999997,,
2026090501,100,30,10,candidate_a_recency_oracle,True,1.0,0,0.1770666666666667,0.3265986323710904,0.2074074074074074,0.691358024691358,0.5481481481481482,0.6777777777777778,0.9947127554839463,0.9759952987419677,0.3224649677610026,
2026090502,100,30,10,candidate_a_recency_oracle,True,1.0,0,0.21760000000000002,0.39999999999999997,0.23703703703703705,0.7901234567901235,0.5444444444444445,0.6962962962962963,0.9947286277726353,0.9760695486741675,0.5780623025191624,
2026090501,100,30,10,candidate_b_exposure_oracle,True,1.0,0,0.14913333333333334,0.27888667551135854,0.21481481481481482,0.7160493827160495,0.5407407407407407,0.6777777777777778,0.9933473094200005,0.9699017204270431,0.8048002635836847,
2026090502,100,30,10,candidate_b_exposure_oracle,True,1.0,0,0.20053333333333323,0.3681787005729087,0.24444444444444446,0.8148148148148149,0.5333333333333333,0.6962962962962963,0.992841003087997,0.9676593077251516,0.8886239726081783,
2026090501,100,30,10,candidate_c_opportunity,False,0.99,1,0.1972666666666667,0.36209268304000725,0.25555555555555554,0.8518518518518519,0.5629629629629629,0.6814814814814816,0.9976577531266019,0.9892814426276482,0.5364520718218294,
2026090502,100,30,10,candidate_c_opportunity,False,0.99,1,0.22920000000000007,0.41633319989322654,0.2962962962962963,0.9876543209876544,0.5592592592592592,0.6962962962962963,0.9972668224957129,0.98750543935769,0.7623997573205447,
2026090501,100,50,10,true_random,False,1.0,0,0.1572,0.282842712474619,0.5044444444444445,1.008888888888889,0.8111111111111111,0.88,0.9999999999999998,0.9999999999999997,,
2026090502,100,50,10,true_random,False,1.0,0,0.17452,0.3174901573277509,0.5244444444444445,1.048888888888889,0.8333333333333334,0.8822222222222221,0.9999999999999998,0.9999999999999997,,
2026090501,100,50,10,candidate_a_recency_oracle,True,1.0,0,0.14247999999999994,0.25768197453450253,0.44,0.88,0.8111111111111111,0.8822222222222221,0.9957779444980004,0.9808202714546927,0.44029597837964396,
2026090502,100,50,10,candidate_a_recency_oracle,True,1.0,0,0.15951999999999988,0.29120439557122074,0.4666666666666667,0.9333333333333333,0.8244444444444444,0.8844444444444445,0.9953168097970704,0.9787460253003364,0.5311393171620162,
2026090501,100,50,10,candidate_b_exposure_oracle,True,1.0,0,0.1075600000000001,0.19798989873223333,0.44,0.88,0.8044444444444445,0.8844444444444445,0.9919775658501226,0.9638292998902399,0.860047781493052,
2026090502,100,50,10,candidate_b_exposure_oracle,True,1.0,0,0.11095999999999995,0.20591260281974,0.4666666666666667,0.9333333333333333,0.8311111111111111,0.8844444444444445,0.991429127082759,0.9614075061737589,0.8376165404858795,
2026090501,100,50,10,candidate_c_opportunity,False,1.0,0,0.14128000000000007,0.25298221281347033,0.47777777777777775,0.9555555555555555,0.8044444444444445,0.8822222222222221,0.9976577531266019,0.9892814426276482,0.5966633488501523,
2026090502,100,50,10,candidate_c_opportunity,False,1.0,0,0.1410800000000001,0.25768197453450253,0.48888888888888893,0.9777777777777779,0.8355555555555555,0.88,0.9972668224957129,0.98750543935769,0.6496846642257798,
2026090501,100,100,10,true_random,False,1.0,0,0.0,0.0,1.0,1.0,1.0,1.0,0.9999999999999998,0.9999999999999997,,
2026090502,100,100,10,true_random,False,1.0,0,0.0,0.0,1.0,1.0,1.0,1.0,0.9999999999999998,0.9999999999999997,,
2026090501,100,100,10,candidate_a_recency_oracle,True,1.0,0,0.0,0.0,1.0,1.0,1.0,1.0,0.9999999999999998,0.9999999999999997,,
2026090502,100,100,10,candidate_a_recency_oracle,True,1.0,0,0.0,0.0,1.0,1.0,1.0,1.0,0.9999999999999998,0.9999999999999997,,
2026090501,100,100,10,candidate_b_exposure_oracle,True,1.0,0,0.0,0.0,1.0,1.0,1.0,1.0,0.9999999999999998,0.9999999999999997,,
2026090502,100,100,10,candidate_b_exposure_oracle,True,1.0,0,0.0,0.0,1.0,1.0,1.0,1.0,0.9999999999999998,0.9999999999999997,,
2026090501,100,100,10,candidate_c_opportunity,False,1.0,0,0.0,0.0,1.0,1.0,1.0,1.0,0.9976577531266019,0.9892814426276482,,
2026090502,100,100,10,candidate_c_opportunity,False,1.0,0,0.0,0.0,1.0,1.0,1.0,1.0,0.9972668224957129,0.98750543935769,,
2026090501,100,25%,10,true_random,False,0.98,2,0.27703999999999995,0.49799598391954925,0.25333333333333335,1.0133333333333334,0.5244444444444444,0.6133333333333333,0.9999999999999998,0.9999999999999997,,
2026090502,100,25%,10,true_random,False,0.95,5,0.30552,0.5528109984434101,0.26666666666666666,1.0666666666666667,0.5288888888888889,0.6444444444444444,0.9999999999999998,0.9999999999999997,,
2026090501,100,25%,10,candidate_a_recency_oracle,True,0.99,1,0.21760000000000002,0.397994974842648,0.1688888888888889,0.6755555555555556,0.4977777777777778,0.5866666666666667,0.9946434397622633,0.9756760113227829,0.5112887020405694,
2026090502,100,25%,10,candidate_a_recency_oracle,True,0.97,3,0.2540800000000001,0.4715930449020639,0.17777777777777778,0.7111111111111111,0.4577777777777778,0.6088888888888889,0.9947638998103923,0.9762189960653558,0.6054666322849462,
2026090501,100,25%,10,candidate_b_exposure_oracle,True,1.0,0,0.1912799999999999,0.3555277766926236,0.17777777777777778,0.7111111111111111,0.48000000000000004,0.5866666666666667,0.9936410015809211,0.9712092402509912,0.8361299990548501,
2026090502,100,25%,10,candidate_b_exposure_oracle,True,0.97,3,0.22896000000000005,0.42520583250938604,0.21777777777777776,0.8711111111111111,0.4577777777777778,0.6,0.9934387460581169,0.9703113329820718,0.8806197096620221,
2026090501,100,25%,10,candidate_c_opportunity,False,0.99,1,0.23136,0.4289522117905443,0.21333333333333332,0.8533333333333333,0.5022222222222221,0.5911111111111111,0.9976577531266019,0.9892814426276482,0.5596181718361605,
2026090502,100,25%,10,candidate_c_opportunity,False,0.97,3,0.27488,0.5011985634456667,0.21333333333333335,0.8533333333333334,0.48000000000000004,0.6222222222222222,0.9972668224957129,0.98750543935769,0.7450941155829867,
2026090501,100,50%,10,true_random,False,1.0,0,0.1572,0.282842712474619,0.5044444444444445,1.008888888888889,0.8111111111111111,0.88,0.9999999999999998,0.9999999999999997,,
2026090502,100,50%,10,true_random,False,1.0,0,0.17452,0.3174901573277509,0.5244444444444445,1.048888888888889,0.8333333333333334,0.8822222222222221,0.9999999999999998,0.9999999999999997,,
2026090501,100,50%,10,candidate_a_recency_oracle,True,1.0,0,0.14247999999999994,0.25768197453450253,0.44,0.88,0.8111111111111111,0.8822222222222221,0.9957779444980004,0.9808202714546927,0.44029597837964396,
2026090502,100,50%,10,candidate_a_recency_oracle,True,1.0,0,0.15951999999999988,0.29120439557122074,0.4666666666666667,0.9333333333333333,0.8244444444444444,0.8844444444444445,0.9953168097970704,0.9787460253003364,0.5311393171620162,
2026090501,100,50%,10,candidate_b_exposure_oracle,True,1.0,0,0.1075600000000001,0.19798989873223333,0.44,0.88,0.8044444444444445,0.8844444444444445,0.9919775658501226,0.9638292998902399,0.860047781493052,
2026090502,100,50%,10,candidate_b_exposure_oracle,True,1.0,0,0.11095999999999995,0.20591260281974,0.4666666666666667,0.9333333333333333,0.8311111111111111,0.8844444444444445,0.991429127082759,0.9614075061737589,0.8376165404858795,
2026090501,100,50%,10,candidate_c_opportunity,False,1.0,0,0.14128000000000007,0.25298221281347033,0.47777777777777775,0.9555555555555555,0.8044444444444445,0.8822222222222221,0.9976577531266019,0.9892814426276482,0.5966633488501523,
2026090502,100,50%,10,candidate_c_opportunity,False,1.0,0,0.1410800000000001,0.25768197453450253,0.48888888888888893,0.9777777777777779,0.8355555555555555,0.88,0.9972668224957129,0.98750543935769,0.6496846642257798,
2026090501,250,10,10,true_random,False,0.328,168,0.7194400000000001,1.5652475842498528,0.044444444444444446,1.1111111111111112,0.12222222222222223,0.14444444444444446,1.0,0.9999999999999997,,
2026090502,250,10,10,true_random,False,0.34,165,0.70312,1.5165750888103102,0.044444444444444446,1.1111111111111112,0.1,0.13333333333333333,1.0,0.9999999999999997,,
2026090501,250,10,10,candidate_a_recency_oracle,True,0.352,162,0.68536,1.466287829861518,0.011111111111111112,0.2777777777777778,0.07777777777777778,0.08888888888888889,0.998583135821756,0.9922114216488668,0.823904989981414,
2026090502,250,10,10,candidate_a_recency_oracle,True,0.36,160,0.67272,1.4317821063276353,0.03333333333333334,0.8333333333333334,0.06666666666666668,0.07777777777777778,0.9985897202703615,0.9922474390564509,0.8390675008156465,
2026090501,250,10,10,candidate_b_exposure_oracle,True,0.352,162,0.68536,1.466287829861518,0.011111111111111112,0.2777777777777778,0.07777777777777778,0.08888888888888889,0.9987008897681398,0.9928580716381538,0.8976634564127053,
2026090502,250,10,10,candidate_b_exposure_oracle,True,0.36,160,0.6719999999999999,1.414213562373095,0.03333333333333334,0.8333333333333334,0.06666666666666668,0.08888888888888889,0.9987416490327762,0.9930809928131017,0.8920873535007388,
2026090501,250,10,10,candidate_c_opportunity,False,0.344,164,0.69736,1.4999999999999998,0.011111111111111112,0.2777777777777778,0.08888888888888889,0.1,0.997927673242538,0.98863357820131,0.2884016777943709,
2026090502,250,10,10,candidate_c_opportunity,False,0.344,164,0.69736,1.4999999999999998,0.03333333333333334,0.8333333333333334,0.08888888888888889,0.1111111111111111,0.9978854150674012,0.9884039510823645,0.3143348455187795,
2026090501,250,30,10,true_random,False,0.74,65,0.4348533333333333,0.806225774829855,0.0962962962962963,0.8024691358024691,0.2777777777777778,0.3592592592592593,1.0,0.9999999999999997,,
2026090502,250,30,10,true_random,False,0.736,66,0.44799999999999995,0.8366600265340756,0.1259259259259259,1.0493827160493827,0.27037037037037037,0.3703703703703704,1.0,0.9999999999999997,,
2026090501,250,30,10,candidate_a_recency_oracle,True,0.768,58,0.3985333333333334,0.7378647873726218,0.05925925925925926,0.4938271604938272,0.2222222222222222,0.3259259259259259,0.996662627228616,0.9817617645413718,0.7146033645989097,
2026090502,250,30,10,candidate_a_recency_oracle,True,0.768,58,0.4095200000000001,0.7637626158259734,0.07777777777777778,0.6481481481481483,0.2111111111111111,0.3148148148148148,0.9966759443689263,0.981833775065285,0.7435988276237939,
2026090501,250,30,10,candidate_b_exposure_oracle,True,0.772,57,0.3938666666666666,0.7302967433402215,0.06296296296296296,0.5246913580246914,0.22592592592592592,0.31851851851851853,0.9966003178836077,0.9814374911747322,0.8825413772155308,
2026090502,250,30,10,candidate_b_exposure_oracle,True,0.784,54,0.39058666666666664,0.7302967433402215,0.08888888888888889,0.7407407407407408,0.2111111111111111,0.30000000000000004,0.9966403542071969,0.9816534070304239,0.8884265570045838,
2026090501,250,30,10,candidate_c_opportunity,False,0.744,64,0.42472,0.7852812659593165,0.0851851851851852,0.7098765432098766,0.24444444444444446,0.34444444444444444,0.997927673242538,0.98863357820131,0.5661089525637991,
2026090502,250,30,10,candidate_c_opportunity,False,0.76,60,0.41002666666666676,0.7601169500660919,0.1037037037037037,0.8641975308641975,0.2296296296296296,0.31851851851851853,0.9978854150674012,0.9884039510823645,0.5576325084218767,
2026090501,250,50,10,true_random,False,0.896,26,0.3602719999999999,0.6648308055437865,0.20888888888888887,1.0444444444444443,0.45999999999999996,0.5533333333333333,1.0,0.9999999999999997,,
2026090502,250,50,10,true_random,False,0.912,22,0.34628799999999993,0.6308724118235002,0.21111111111111114,1.0555555555555556,0.4444444444444444,0.5422222222222222,1.0,0.9999999999999997,,
2026090501,250,50,10,candidate_a_recency_oracle,True,0.936,16,0.3053919999999999,0.5674504383644443,0.12444444444444445,0.6222222222222222,0.4066666666666667,0.5177777777777778,0.9957577909046533,0.9768828963372924,0.6146510394143705,
2026090502,250,50,10,candidate_a_recency_oracle,True,0.976,6,0.26868800000000004,0.5,0.13333333333333333,0.6666666666666666,0.34,0.4822222222222222,0.9958261747531948,0.9772518570179815,0.5196109019257489,
2026090501,250,50,10,candidate_b_exposure_oracle,True,0.948,13,0.275728,0.5079370039680118,0.13777777777777778,0.6888888888888889,0.3933333333333333,0.5066666666666667,0.995022280259135,0.9729553165438961,0.8654915419770578,
2026090502,250,50,10,candidate_b_exposure_oracle,True,0.984,4,0.25484799999999996,0.469041575982343,0.14,0.7,0.3577777777777778,0.47777777777777775,0.9953136695620154,0.9745133673929465,0.8607701577832294,
2026090501,250,50,10,candidate_c_opportunity,False,0.92,20,0.31900799999999996,0.5796550698475775,0.16,0.8,0.42888888888888893,0.5311111111111111,0.997927673242538,0.98863357820131,0.6784209565600476,
2026090502,250,50,10,candidate_c_opportunity,False,0.96,10,0.28459199999999996,0.523450093132096,0.15777777777777777,0.7888888888888889,0.3888888888888889,0.5,0.9978854150674012,0.9884039510823645,0.6692911186726377,
2026090501,250,100,10,true_random,False,1.0,0,0.2028239999999999,0.3714835124201342,0.3844444444444444,0.9611111111111109,0.73,0.8177777777777778,1.0,0.9999999999999997,,
2026090502,250,100,10,true_random,False,1.0,0,0.20821599999999996,0.37416573867739417,0.40444444444444444,1.011111111111111,0.73,0.8077777777777778,1.0,0.9999999999999997,,
2026090501,250,100,10,candidate_a_recency_oracle,True,1.0,0,0.1734,0.3232645975048923,0.3222222222222222,0.8055555555555555,0.7144444444444444,0.8144444444444444,0.9959863828653065,0.9781484117009487,0.48691422068919044,
2026090502,250,100,10,candidate_a_recency_oracle,True,1.0,0,0.17228,0.3138470965295043,0.3288888888888889,0.8222222222222222,0.7222222222222222,0.8144444444444444,0.9957989026588969,0.9771385550969027,0.4314751950146051,
2026090501,250,100,10,candidate_b_exposure_oracle,True,1.0,0,0.13968800000000003,0.26267851073127396,0.33888888888888885,0.8472222222222221,0.7,0.8155555555555556,0.9937088311359366,0.9659478921831826,0.8760003790599429,
2026090502,250,100,10,candidate_b_exposure_oracle,True,1.0,0,0.142976,0.261725046566048,0.3377777777777778,0.8444444444444444,0.7155555555555555,0.8111111111111111,0.9932177709548873,0.9633461773677607,0.8387608800174798,
2026090501,250,100,10,candidate_c_opportunity,False,1.0,0,0.1752959999999999,0.3263433774416144,0.3622222222222222,0.9055555555555554,0.7211111111111111,0.8122222222222222,0.997927673242538,0.98863357820131,0.7029043596549859,
2026090502,250,100,10,candidate_c_opportunity,False,1.0,0,0.17005599999999998,0.3122498999199199,0.3733333333333333,0.9333333333333331,0.7222222222222222,0.8122222222222223,0.9978854150674012,0.9884039510823645,0.6070210878808894,
2026090501,250,25%,10,true_random,False,0.944,14,0.3230451612903227,0.5895376413708731,0.24731182795698922,0.9972251127297953,0.5465949820788532,0.6379928315412187,1.0,0.9999999999999997,,
2026090502,250,25%,10,true_random,False,0.972,7,0.27939354838709685,0.5077443947966837,0.2437275985663082,0.982772574864146,0.510752688172043,0.6200716845878137,1.0,0.9999999999999997,,
2026090501,250,25%,10,candidate_a_recency_oracle,True,0.972,7,0.26322580645161286,0.49081045337751417,0.17921146953405018,0.7226268932824604,0.482078853046595,0.6039426523297491,0.9955335815248125,0.975681891421772,0.5301980821584148,
2026090502,250,25%,10,candidate_a_recency_oracle,True,0.988,3,0.24052903225806443,0.443475067253791,0.17562724014336917,0.7081743554168112,0.46415770609319,0.5896057347670252,0.9955973637336285,0.9760253674246142,0.4864704536649929,
2026090501,250,25%,10,candidate_b_exposure_oracle,True,0.984,4,0.22779354838709676,0.42090285002257705,0.1810035842293907,0.7298531622152851,0.48028673835125446,0.5967741935483871,0.9942983492438433,0.9690927404663487,0.8524801736907738,
2026090502,250,25%,10,candidate_b_exposure_oracle,True,0.996,1,0.21167741935483875,0.3904425302229098,0.1810035842293907,0.729853162215285,0.456989247311828,0.5842293906810035,0.9945582163011906,0.9704776181653475,0.8441546372071904,
2026090501,250,25%,10,candidate_c_opportunity,False,0.968,8,0.27256774193548394,0.5012990409006469,0.21326164874551973,0.8599260030061279,0.5125448028673836,0.6075268817204301,0.997927673242538,0.98863357820131,0.6913800426427948,
2026090502,250,25%,10,candidate_c_opportunity,False,0.984,4,0.24508387096774187,0.44785301215854256,0.2096774193548387,0.8454734651404787,0.482078853046595,0.5967741935483871,0.9978854150674012,0.9884039510823645,0.701585431523232,
2026090501,250,50%,10,true_random,False,1.0,0,0.17317760000000004,0.31445190411253676,0.4915555555555556,0.9831111111111112,0.8266666666666667,0.8817777777777778,1.0,0.9999999999999997,,
2026090502,250,50%,10,true_random,False,1.0,0,0.1565824,0.2822764602300376,0.4977777777777778,0.9955555555555556,0.8124444444444445,0.8791111111111111,1.0,0.9999999999999997,,
2026090501,250,50%,10,candidate_a_recency_oracle,True,1.0,0,0.1489024000000001,0.2718823274874628,0.43377777777777776,0.8675555555555555,0.8284444444444445,0.8817777777777778,0.9964191281054191,0.9805010221369012,0.5000148229138174,
2026090502,250,50%,10,candidate_a_recency_oracle,True,1.0,0,0.13978880000000005,0.25424397731313125,0.44,0.88,0.8177777777777778,0.8826666666666667,0.9964122199412658,0.9804634744311576,0.3019737647022275,
2026090501,250,50%,10,candidate_b_exposure_oracle,True,1.0,0,0.1147456,0.21316660151158767,0.43822222222222224,0.8764444444444445,0.8231111111111111,0.8835555555555555,0.9935747963722102,0.9652287950140677,0.8820727275521871,
2026090502,250,50%,10,candidate_b_exposure_oracle,True,1.0,0,0.10458239999999996,0.19349418595916518,0.43555555555555553,0.8711111111111111,0.8266666666666667,0.8844444444444445,0.9935069393502868,0.964870253733072,0.8343448034309141,
2026090501,250,50%,10,candidate_c_opportunity,False,1.0,0,0.15027199999999996,0.27539063164893607,0.4728888888888889,0.9457777777777778,0.8222222222222223,0.8808888888888888,0.997927673242538,0.98863357820131,0.6544266169476056,
2026090502,250,50%,10,candidate_c_opportunity,False,1.0,0,0.13695999999999997,0.25107767722360347,0.47111111111111115,0.9422222222222223,0.8133333333333334,0.8826666666666667,0.9978854150674012,0.9884039510823645,0.5622630769338002,
2026090501,500,10,10,true_random,False,0.19,405,0.819,2.1213203435596424,0.011111111111111112,0.5555555555555556,0.022222222222222223,0.044444444444444446,1.0,0.9999999999999997,,
2026090502,500,10,10,true_random,False,0.192,404,0.8153600000000001,2.097617696340303,0.0,0.0,0.011111111111111112,0.044444444444444446,1.0,0.9999999999999997,,
2026090501,500,10,10,candidate_a_recency_oracle,True,0.192,404,0.8153600000000001,2.097617696340303,0.0,0.0,0.011111111111111112,0.03333333333333334,0.9993325722705683,0.9958619790782066,0.865419699263742,
2026090502,500,10,10,candidate_a_recency_oracle,True,0.194,403,0.8116399999999999,2.073644135332772,0.0,0.0,0.0,0.03333333333333334,0.9993312787230677,0.9958539806117992,0.864820943255842,
2026090501,500,10,10,candidate_b_exposure_oracle,True,0.194,403,0.8116399999999999,2.073644135332772,0.0,0.0,0.011111111111111112,0.022222222222222223,0.9994280897956779,0.9964534316613738,0.8993816103722573,
2026090502,500,10,10,candidate_b_exposure_oracle,True,0.196,402,0.8078399999999999,2.04939015319192,0.0,0.0,0.0,0.022222222222222223,0.9994310296814207,0.9964716151281321,0.8962086503522846,
2026090501,500,10,10,candidate_c_opportunity,False,0.188,406,0.82256,2.1447610589527213,0.011111111111111112,0.5555555555555556,0.03333333333333334,0.05555555555555555,0.9980726906861965,0.9881063453508478,0.2554640200136811,
2026090502,500,10,10,candidate_c_opportunity,False,0.194,403,0.8116399999999999,2.073644135332772,0.0,0.0,0.0,0.03333333333333334,0.9982367268828914,0.9891111920286884,0.23767355167701143,
2026090501,500,30,10,true_random,False,0.48,260,0.5975466666666667,1.1925695879998879,0.03333333333333333,0.5555555555555556,0.1259259259259259,0.18148148148148147,1.0,0.9999999999999997,,
2026090502,500,30,10,true_random,False,0.482,259,0.5955866666666667,1.1925695879998879,0.040740740740740744,0.6790123456790124,0.11481481481481483,0.18148148148148147,1.0,0.9999999999999997,,
2026090501,500,30,10,candidate_a_recency_oracle,True,0.496,252,0.5756266666666667,1.1450376024878446,0.025925925925925925,0.4320987654320988,0.1,0.14814814814814814,0.9982202156527282,0.989008092801064,0.7995387397348807,
2026090502,500,30,10,candidate_a_recency_oracle,True,0.502,249,0.5658266666666667,1.1155467020454342,0.011111111111111112,0.1851851851851852,0.07407407407407407,0.14074074074074072,0.9982112575844548,0.9889531317348252,0.8192801710873878,
2026090501,500,30,10,candidate_b_exposure_oracle,True,0.5,250,0.5696666666666668,1.1303883305208782,0.025925925925925925,0.4320987654320988,0.0962962962962963,0.14444444444444446,0.9983668479926745,0.989912188122599,0.8949718692257472,
2026090502,500,30,10,candidate_b_exposure_oracle,True,0.504,248,0.56128,1.0954451150103324,0.022222222222222223,0.3703703703703704,0.08518518518518518,0.14444444444444446,0.9983972350205201,0.9900986971656188,0.8872768745644343,
2026090501,500,30,10,candidate_c_opportunity,False,0.486,257,0.58876,1.1690451944500122,0.02962962962962963,0.4938271604938272,0.10740740740740741,0.15555555555555556,0.9980726906861965,0.9881063453508478,0.4201211890085904,
2026090502,500,30,10,candidate_c_opportunity,False,0.494,253,0.5777466666666666,1.1450376024878446,0.022222222222222223,0.3703703703703704,0.1,0.15925925925925927,0.9982367268828914,0.9891111920286884,0.4409033568165803,
2026090501,500,50,10,true_random,False,0.662,169,0.4879119999999999,0.9143303560529968,0.08222222222222222,0.8222222222222222,0.22,0.30000000000000004,1.0,0.9999999999999997,,
2026090502,500,50,10,true_random,False,0.648,176,0.5065519999999999,0.9715966241192895,0.08888888888888889,0.8888888888888888,0.2466666666666667,0.3244444444444444,1.0,0.9999999999999997,,
2026090501,500,50,10,candidate_a_recency_oracle,True,0.712,144,0.43077600000000005,0.812403840463596,0.04,0.39999999999999997,0.1488888888888889,0.23111111111111113,0.9973726998867412,0.9838210167104384,0.7541264478944568,
2026090502,500,50,10,candidate_a_recency_oracle,True,0.688,156,0.45910399999999996,0.8763560920082658,0.05777777777777778,0.5777777777777778,0.18666666666666668,0.2711111111111111,0.9973746926068339,0.9838332310714419,0.7752286988416348,
2026090501,500,50,10,candidate_b_exposure_oracle,True,0.714,143,0.428088,0.807465169527454,0.04888888888888889,0.4888888888888888,0.16,0.2288888888888889,0.9974938603855048,0.9845686496873635,0.8929863338948979,
2026090502,500,50,10,candidate_b_exposure_oracle,True,0.694,153,0.44810400000000006,0.8414273587185052,0.060000000000000005,0.6,0.18666666666666665,0.2688888888888889,0.9974498389499313,0.9843015519712456,0.9034362852291877,
2026090501,500,50,10,candidate_c_opportunity,False,0.694,153,0.4521519999999999,0.8508818954473059,0.06666666666666667,0.6666666666666666,0.18666666666666665,0.2622222222222222,0.9980726906861965,0.9881063453508478,0.4880288344795338,
2026090502,500,50,10,candidate_c_opportunity,False,0.678,161,0.468264,0.8876936408468858,0.06666666666666667,0.6666666666666666,0.21111111111111114,0.28444444444444444,0.9982367268828914,0.9891111920286884,0.6048109010562868,
2026090501,500,100,10,true_random,False,0.89,55,0.3494919999999999,0.6418722614352484,0.21111111111111114,1.0555555555555556,0.45999999999999996,0.5655555555555556,1.0,0.9999999999999997,,
2026090502,500,100,10,true_random,False,0.902,49,0.3421559999999999,0.6268971207462992,0.19666666666666666,0.9833333333333333,0.43555555555555553,0.5511111111111111,1.0,0.9999999999999997,,
2026090501,500,100,10,candidate_a_recency_oracle,True,0.938,31,0.29601600000000006,0.5458937625582472,0.14666666666666667,0.7333333333333333,0.39888888888888885,0.5277777777777778,0.996204606479108,0.9767234155407714,0.5987868410470112,
2026090502,500,100,10,candidate_a_recency_oracle,True,0.95,25,0.28138799999999997,0.523450093132096,0.12333333333333335,0.6166666666666667,0.3644444444444444,0.5077777777777778,0.9962881940220758,0.9772303470023809,0.6376272035714824,
2026090501,500,100,10,candidate_b_exposure_oracle,True,0.948,26,0.26857200000000003,0.4949747468305833,0.15777777777777777,0.7888888888888889,0.3933333333333333,0.5211111111111112,0.9954825398615131,0.972385656264018,0.8595575541592653,
2026090502,500,100,10,candidate_b_exposure_oracle,True,0.962,19,0.26050400000000007,0.48579831205964474,0.13555555555555554,0.6777777777777777,0.36333333333333334,0.4933333333333334,0.9958970809564768,0.9748775185477317,0.88502355683433,
2026090501,500,100,10,candidate_c_opportunity,False,0.92,40,0.30532000000000004,0.5576737397439474,0.17666666666666667,0.8833333333333333,0.4211111111111111,0.54,0.9980726906861965,0.9881063453508478,0.6715269761353064,
2026090502,500,100,10,candidate_c_opportunity,False,0.928,36,0.2979240000000001,0.5486346689738081,0.15555555555555556,0.7777777777777777,0.39555555555555555,0.5211111111111112,0.9982367268828914,0.9891111920286884,0.6979982772489801,
2026090501,500,25%,10,true_random,False,0.938,31,0.30601919999999994,0.5551216082985782,0.2657777777777778,1.0631111111111111,0.5342222222222222,0.6444444444444444,1.0,0.9999999999999997,,
2026090502,500,25%,10,true_random,False,0.954,23,0.2829440000000001,0.5175326076683479,0.2346666666666667,0.9386666666666668,0.5111111111111111,0.6302222222222222,1.0,0.9999999999999997,,
2026090501,500,25%,10,candidate_a_recency_oracle,True,0.966,17,0.25679680000000005,0.4736243236997019,0.19822222222222222,0.7928888888888889,0.4817777777777778,0.6177777777777778,0.9960102560547008,0.9755520177666934,0.5751511671637054,
2026090502,500,25%,10,candidate_a_recency_oracle,True,0.982,9,0.246656,0.4564208584190692,0.17066666666666666,0.6826666666666666,0.46222222222222226,0.607111111111111,0.9961157335526158,0.9761914939868271,0.5691821894601782,
2026090501,500,25%,10,candidate_b_exposure_oracle,True,0.97,15,0.2328159999999999,0.4289522117905443,0.21155555555555555,0.8462222222222222,0.47822222222222227,0.6177777777777778,0.9947470669980675,0.9679762437023612,0.8692808491483877,
2026090502,500,25%,10,candidate_b_exposure_oracle,True,0.988,6,0.22133120000000006,0.41143650785996133,0.17955555555555558,0.7182222222222223,0.4524444444444444,0.6008888888888889,0.9952092888445568,0.970736639135761,0.8803172301968826,
2026090501,500,25%,10,candidate_c_opportunity,False,0.954,23,0.2741728000000001,0.49927948085215756,0.2328888888888889,0.9315555555555556,0.5057777777777778,0.6311111111111111,0.9980726906861965,0.9881063453508478,0.6914698726142939,
2026090502,500,25%,10,candidate_c_opportunity,False,0.974,13,0.25636159999999997,0.47091400488836604,0.20355555555555557,0.8142222222222223,0.48355555555555557,0.6195555555555555,0.9982367268828914,0.9891111920286884,0.7071711131944199,
2026090501,500,50%,10,true_random,False,0.996,2,0.17197759999999995,0.3100967590930289,0.5062222222222222,1.0124444444444445,0.8226666666666667,0.8777777777777778,1.0,0.9999999999999997,,
2026090502,500,50%,10,true_random,False,1.0,0,0.1653039999999999,0.2979932885150268,0.48844444444444446,0.9768888888888889,0.8173333333333334,0.8813333333333333,1.0,0.9999999999999997,,
2026090501,500,50%,10,candidate_a_recency_oracle,True,1.0,0,0.1488335999999999,0.26981475126464083,0.44488888888888883,0.8897777777777777,0.8213333333333334,0.8826666666666667,0.9967511972879315,0.9800884840077515,0.4524652733771871,
2026090502,500,50%,10,candidate_a_recency_oracle,True,1.0,0,0.14248159999999999,0.26138094804327267,0.4244444444444444,0.8488888888888888,0.8173333333333334,0.8839999999999999,0.9968944083996142,0.9809640048453827,0.4123816708854821,
2026090501,500,50%,10,candidate_b_exposure_oracle,True,1.0,0,0.11507040000000002,0.213915871313935,0.44355555555555554,0.8871111111111111,0.8222222222222223,0.8831111111111111,0.9938635393122748,0.9626852963071523,0.8647557031367948,
2026090502,500,50%,10,candidate_b_exposure_oracle,True,1.0,0,0.1071936,0.2007984063681781,0.43022222222222223,0.8604444444444445,0.8182222222222222,0.8853333333333333,0.9943361211735116,0.9654957785821633,0.8636461346049534,
2026090501,500,50%,10,candidate_c_opportunity,False,0.998,1,0.14682719999999994,0.26683328128252665,0.48133333333333334,0.9626666666666667,0.8217777777777777,0.8786666666666666,0.9980726906861965,0.9881063453508478,0.6096072121027964,
2026090502,500,50%,10,candidate_c_opportunity,False,1.0,0,0.13393919999999992,0.24625190354594215,0.4657777777777778,0.9315555555555556,0.8177777777777778,0.8839999999999999,0.9982367268828914,0.9891111920286884,0.5604433193883459,
2026090501,1000,10,10,true_random,False,0.094,906,0.9112800000000001,3.1937438845342623,0.011111111111111112,1.1111111111111112,0.044444444444444446,0.05555555555555555,1.0,0.9999999999999998,,
2026090502,1000,10,10,true_random,False,0.098,902,0.9039200000000001,3.065941943351178,0.0,0.0,0.0,0.011111111111111112,1.0,0.9999999999999998,,
2026090501,1000,10,10,candidate_a_recency_oracle,True,0.095,905,0.9095000000000002,3.162277660168379,0.011111111111111112,1.1111111111111112,0.03333333333333334,0.044444444444444446,0.9996944173263309,0.9978916484392973,0.8738279724023742,
2026090502,1000,10,10,candidate_a_recency_oracle,True,0.098,902,0.9039200000000001,3.065941943351178,0.0,0.0,0.0,0.011111111111111112,0.999691934123236,0.9978745393127101,0.8785387665217409,
2026090501,1000,10,10,candidate_b_exposure_oracle,True,0.095,905,0.9095000000000002,3.162277660168379,0.011111111111111112,1.1111111111111112,0.03333333333333334,0.044444444444444446,0.9997284499312242,0.9981263483734113,0.9109883040784825,
2026090502,1000,10,10,candidate_b_exposure_oracle,True,0.1,900,0.9000000000000001,2.9999999999999996,0.0,0.0,0.0,0.0,0.9997376076569269,0.9981894460892755,0.9011295038875403,
2026090501,1000,10,10,candidate_c_opportunity,False,0.095,905,0.9095000000000002,3.162277660168379,0.011111111111111112,1.1111111111111112,0.03333333333333334,0.044444444444444446,0.9983459586023156,0.9886501571646814,0.18173394406686721,
2026090502,1000,10,10,candidate_c_opportunity,False,0.097,903,0.9058200000000001,3.098386676965933,0.0,0.0,0.011111111111111112,0.022222222222222223,0.9983539356281597,0.9887045090863824,0.25058275563808446,
2026090501,1000,30,10,true_random,False,0.263,737,0.7653400000000001,1.788854381999832,0.022222222222222223,0.7407407407407408,0.07777777777777778,0.1037037037037037,1.0,0.9999999999999998,,
2026090502,1000,30,10,true_random,False,0.258,742,0.7735000000000001,1.8439088914585775,0.04074074074074074,1.3580246913580247,0.07777777777777778,0.11851851851851852,1.0,0.9999999999999998,,
2026090501,1000,30,10,candidate_a_recency_oracle,True,0.27,730,0.7543733333333333,1.7448336437736534,0.014814814814814815,0.4938271604938272,0.05925925925925926,0.07777777777777778,0.9991283028298067,0.9939990686702777,0.849638608549637,
2026090502,1000,30,10,candidate_a_recency_oracle,True,0.27,730,0.7543733333333333,1.7448336437736534,0.003703703703703704,0.1234567901234568,0.037037037037037035,0.07407407407407407,0.999123658349242,0.9939672169984037,0.862588764871172,
2026090501,1000,30,10,candidate_b_exposure_oracle,True,0.275,725,0.7459933333333335,1.7061978522759635,0.014814814814814815,0.4938271604938272,0.05555555555555555,0.06666666666666667,0.9992241431201391,0.9946579412231527,0.9027527894814673,
2026090502,1000,30,10,candidate_b_exposure_oracle,True,0.271,729,0.7523933333333335,1.7256238807393047,0.014814814814814815,0.4938271604938272,0.044444444444444446,0.07407407407407407,0.9992280854810417,0.9946849973566005,0.9060305278318775,
2026090501,1000,30,10,candidate_c_opportunity,False,0.271,729,0.7527533333333334,1.7384539747207062,0.018518518518518517,0.6172839506172839,0.05925925925925926,0.08148148148148147,0.9983459586023156,0.9886501571646814,0.332809044169432,
2026090502,1000,30,10,candidate_c_opportunity,False,0.267,733,0.7589533333333334,1.7575235101952091,0.022222222222222223,0.7407407407407408,0.05555555555555555,0.08888888888888889,0.9983539356281597,0.9887045090863824,0.3850050271658961,
2026090501,1000,50,10,true_random,False,0.406,594,0.6563480000000002,1.3594116374373142,0.031111111111111114,0.6222222222222222,0.1111111111111111,0.1688888888888889,1.0,0.9999999999999998,,
2026090502,1000,50,10,true_random,False,0.403,597,0.66086,1.3827508813954883,0.044444444444444446,0.8888888888888888,0.09777777777777778,0.16444444444444445,1.0,0.9999999999999998,,
2026090501,1000,50,10,candidate_a_recency_oracle,True,0.42,580,0.636444,1.3023056476879764,0.02,0.39999999999999997,0.08222222222222222,0.13555555555555554,0.9986221742645001,0.9905333614380704,0.8304416303909964,
2026090502,1000,50,10,candidate_a_recency_oracle,True,0.423,577,0.6317400000000002,1.289961239727768,0.02,0.39999999999999997,0.05333333333333334,0.11333333333333334,0.998621753760713,0.9905304851890868,0.8372820210345967,
2026090501,1000,50,10,candidate_b_exposure_oracle,True,0.427,573,0.6262920000000001,1.277497553813705,0.02,0.39999999999999997,0.08,0.12444444444444443,0.9987652472757187,0.9915143160972514,0.902603891464671,
2026090502,1000,50,10,candidate_b_exposure_oracle,True,0.42,580,0.6359000000000001,1.296148139681572,0.026666666666666665,0.5333333333333333,0.06444444444444446,0.12000000000000001,0.9987585128750496,0.991468215095504,0.9082015209059231,
2026090501,1000,50,10,candidate_c_opportunity,False,0.412,588,0.6478680000000001,1.3326664999166145,0.024444444444444446,0.4888888888888888,0.09111111111111111,0.1511111111111111,0.9983459586023156,0.9886501571646814,0.4299319994431545,
2026090502,1000,50,10,candidate_c_opportunity,False,0.41,590,0.6508360000000002,1.3446189051177289,0.03777777777777778,0.7555555555555555,0.08444444444444445,0.14666666666666667,0.9983539356281597,0.9887045090863824,0.44270572744078696,
2026090501,1000,100,10,true_random,False,0.645,355,0.506426,0.9602083107326244,0.08888888888888889,0.8888888888888888,0.24555555555555555,0.34,1.0,0.9999999999999998,,
2026090502,1000,100,10,true_random,False,0.656,344,0.49704800000000016,0.9444575162494075,0.10666666666666666,1.0666666666666667,0.24222222222222223,0.32333333333333336,1.0,0.9999999999999998,,
2026090501,1000,100,10,candidate_a_recency_oracle,True,0.692,308,0.4539460000000002,0.8579044235810886,0.04111111111111111,0.4111111111111111,0.18444444444444447,0.2777777777777778,0.9976281610735956,0.9837656415217888,0.7685199995987451,
2026090502,1000,100,10,candidate_a_recency_oracle,True,0.694,306,0.45382600000000006,0.8613942186943212,0.06444444444444444,0.6444444444444444,0.1922222222222222,0.2744444444444445,0.9976379762049667,0.9838321507304915,0.7511945153615808,
2026090501,1000,100,10,candidate_b_exposure_oracle,True,0.694,306,0.4476580000000001,0.8402380615040002,0.05333333333333334,0.5333333333333333,0.18666666666666668,0.2744444444444445,0.9976931004505651,0.9842157342343896,0.8989279047504317,
2026090502,1000,100,10,candidate_b_exposure_oracle,True,0.699,301,0.4446000000000001,0.8390470785361213,0.07666666666666667,0.7666666666666666,0.1922222222222222,0.26666666666666666,0.9976699899782258,0.9840585950885854,0.8915847116837095,
2026090501,1000,100,10,candidate_c_opportunity,False,0.672,328,0.4751940000000001,0.8944271909999159,0.06555555555555555,0.6555555555555556,0.21333333333333332,0.30666666666666664,0.9983459586023156,0.9886501571646814,0.5553799915990993,
2026090502,1000,100,10,candidate_c_opportunity,False,0.679,321,0.4693200000000002,0.8865664103720601,0.08777777777777779,0.8777777777777778,0.21555555555555556,0.29,0.9983539356281597,0.9887045090863824,0.574087585412945,
2026090501,1000,25%,10,true_random,False,0.942,58,0.29903840000000015,0.544352826758528,0.2448888888888889,0.9795555555555556,0.5235555555555556,0.6444444444444444,1.0,0.9999999999999998,,
2026090502,1000,25%,10,true_random,False,0.943,57,0.2946848000000002,0.5324659613533995,0.24311111111111114,0.9724444444444446,0.5257777777777778,0.6413333333333333,1.0,0.9999999999999998,,
2026090501,1000,25%,10,candidate_a_recency_oracle,True,0.976,24,0.2466024,0.45536798306424664,0.1768888888888889,0.7075555555555556,0.46311111111111114,0.6155555555555555,0.9964646933985154,0.9759167487554553,0.569933375976995,
2026090502,1000,25%,10,candidate_a_recency_oracle,True,0.977,23,0.2538216000000002,0.4619956709753891,0.17866666666666664,0.7146666666666666,0.4737777777777778,0.6151111111111112,0.9964429474530696,0.9757697213449337,0.5715868632422559,
2026090501,1000,25%,10,candidate_b_exposure_oracle,True,0.979,21,0.2240816000000001,0.4141497313774331,0.192,0.768,0.4662222222222222,0.6093333333333333,0.9955664458568221,0.9699144752510094,0.8762480998908618,
2026090502,1000,25%,10,candidate_b_exposure_oracle,True,0.983,17,0.22344480000000022,0.40987803063838396,0.19244444444444445,0.7697777777777778,0.4648888888888889,0.6075555555555555,0.9955689335813644,0.9699328068478286,0.8752187728913018,
2026090501,1000,25%,10,candidate_c_opportunity,False,0.964,36,0.25821840000000007,0.47091400488836604,0.21155555555555555,0.8462222222222222,0.4955555555555555,0.6288888888888889,0.9983459586023156,0.9886501571646814,0.7036604528515047,
2026090502,1000,25%,10,candidate_c_opportunity,False,0.966,34,0.2620112000000001,0.4749736834815167,0.21555555555555556,0.8622222222222222,0.5004444444444444,0.6248888888888888,0.9983539356281597,0.9887045090863824,0.7072665151937284,
2026090501,1000,50%,10,true_random,False,0.999,1,0.1728012000000001,0.3109983922788026,0.5053333333333333,1.0106666666666666,0.8164444444444444,0.8791111111111111,1.0,0.9999999999999998,,
2026090502,1000,50%,10,true_random,False,1.0,0,0.16942560000000007,0.3042367499169027,0.49,0.98,0.8215555555555556,0.8797777777777778,1.0,0.9999999999999998,,
2026090501,1000,50%,10,candidate_a_recency_oracle,True,1.0,0,0.14340560000000013,0.2610747019532915,0.4408888888888889,0.8817777777777778,0.8171111111111111,0.8826666666666667,0.9971134287098083,0.9803346991333475,0.44082908249032093,
2026090502,1000,50%,10,candidate_a_recency_oracle,True,1.0,0,0.14398480000000013,0.26092144411680696,0.432,0.864,0.8213333333333334,0.8822222222222221,0.9971511995124244,0.9805913566210496,0.4302904285391448,
2026090501,1000,50%,10,candidate_b_exposure_oracle,True,1.0,0,0.11067720000000003,0.20474374227311562,0.43777777777777777,0.8755555555555555,0.8164444444444444,0.8842222222222222,0.9946769334071106,0.963989320542,0.8641254007089164,
2026090502,1000,50%,10,candidate_b_exposure_oracle,True,1.0,0,0.10992880000000005,0.20238577025077625,0.4317777777777778,0.8635555555555556,0.8222222222222223,0.8839999999999999,0.994833500184981,0.9650245436156082,0.8649671364302753,
2026090501,1000,50%,10,candidate_c_opportunity,False,1.0,0,0.14573920000000018,0.26517918470347557,0.47622222222222216,0.9524444444444443,0.8157777777777777,0.8806666666666667,0.9983459586023156,0.9886501571646814,0.5873157588964779,
2026090502,1000,50%,10,candidate_c_opportunity,False,1.0,0,0.14471440000000002,0.2626023609947176,0.4655555555555556,0.9311111111111112,0.82,0.8806666666666667,0.9983539356281597,0.9887045090863824,0.6072649416284746,
2026090501,2000,10,10,true_random,False,0.049,1902,0.9519600000000001,4.449719092257397,0.011111111111111112,2.2222222222222223,0.011111111111111112,0.022222222222222223,1.0,0.9999999999999998,,
2026090502,2000,10,10,true_random,False,0.0485,1903,0.9529100000000001,4.494441010848846,0.0,0.0,0.011111111111111112,0.03333333333333334,1.0,0.9999999999999998,,
2026090501,2000,10,10,candidate_a_recency_oracle,True,0.0495,1901,0.95099,4.4045431091090474,0.0,0.0,0.0,0.011111111111111112,0.9998584988126561,0.9989251240281531,0.8791292107841008,
2026090502,2000,10,10,candidate_a_recency_oracle,True,0.049,1902,0.9519600000000001,4.449719092257397,0.0,0.0,0.011111111111111112,0.022222222222222223,0.9998585971567314,0.9989258705307702,0.8799355580194388,
2026090501,2000,10,10,candidate_b_exposure_oracle,True,0.049,1902,0.9519600000000001,4.449719092257397,0.011111111111111112,2.2222222222222223,0.011111111111111112,0.022222222222222223,0.9998762929933989,0.9990602549468892,0.9072363873527151,
2026090502,2000,10,10,candidate_b_exposure_oracle,True,0.049,1902,0.9519600000000001,4.449719092257397,0.0,0.0,0.011111111111111112,0.022222222222222223,0.999877228156787,0.9990673540598476,0.9090211453633223,
2026090501,2000,10,10,candidate_c_opportunity,False,0.049,1902,0.9519600000000001,4.449719092257397,0.011111111111111112,2.2222222222222223,0.011111111111111112,0.022222222222222223,0.9985091603368994,0.9887427670123674,0.1663007870694143,
2026090502,2000,10,10,candidate_c_opportunity,False,0.049,1902,0.9519600000000001,4.449719092257397,0.0,0.0,0.011111111111111112,0.022222222222222223,0.998454585068188,0.9883340800884166,0.12890774221793155,
2026090501,2000,30,10,true_random,False,0.1405,1719,0.8677966666666668,2.5516878945339516,0.022222222222222223,1.4814814814814816,0.040740740740740744,0.06296296296296296,1.0,0.9999999999999998,,
2026090502,2000,30,10,true_random,False,0.1385,1723,0.8712366666666667,2.586288632169443,0.014814814814814815,0.9876543209876544,0.04814814814814815,0.07037037037037036,1.0,0.9999999999999998,,
2026090501,2000,30,10,candidate_a_recency_oracle,True,0.143,1714,0.8633466666666667,2.507765716507204,0.014814814814814815,0.9876543209876544,0.02962962962962963,0.04814814814814815,0.9995882015667169,0.9968755345271043,0.8673739394723619,
2026090502,2000,30,10,candidate_a_recency_oracle,True,0.142,1716,0.8651466666666667,2.5254262566501082,0.007407407407407408,0.4938271604938272,0.02962962962962963,0.04814814814814815,0.9995875475985734,0.9968705823688181,0.8676789489820985,
2026090501,2000,30,10,candidate_b_exposure_oracle,True,0.143,1714,0.8633466666666667,2.507765716507204,0.018518518518518517,1.2345679012345678,0.03333333333333333,0.05185185185185185,0.9996374251398017,0.9972487228451484,0.9053716612419603,
2026090502,2000,30,10,candidate_b_exposure_oracle,True,0.142,1716,0.8651466666666667,2.5254262566501082,0.011111111111111112,0.7407407407407408,0.02962962962962963,0.04814814814814815,0.9996353752230818,0.9972332010697794,0.9081835928731063,
2026090501,2000,30,10,candidate_c_opportunity,False,0.1425,1715,0.86425,2.516611478423583,0.018518518518518517,1.2345679012345678,0.02962962962962963,0.04814814814814815,0.9985091603368994,0.9887427670123674,0.27527738468590685,
2026090502,2000,30,10,candidate_c_opportunity,False,0.14,1720,0.8686666666666667,2.560381915956203,0.014814814814814815,0.9876543209876544,0.040740740740740744,0.06296296296296296,0.998454585068188,0.9883340800884166,0.24831612940254735,
2026090501,2000,50,10,true_random,False,0.224,1552,0.7969760000000001,1.9738287666360526,0.035555555555555556,1.422222222222222,0.07333333333333333,0.09333333333333332,1.0,0.9999999999999998,,
2026090502,2000,50,10,true_random,False,0.221,1558,0.8018960000000002,2.0059910268991734,0.02888888888888889,1.1555555555555554,0.08,0.10888888888888888,1.0,0.9999999999999998,,
2026090501,2000,50,10,candidate_a_recency_oracle,True,0.2315,1537,0.784402,1.903680645486527,0.017777777777777778,0.711111111111111,0.042222222222222223,0.060000000000000005,0.999330718208998,0.9949275351400251,0.8581832513978799,
2026090502,2000,50,10,candidate_a_recency_oracle,True,0.2265,1547,0.792762,1.9452506265260525,0.017777777777777778,0.711111111111111,0.05555555555555555,0.08444444444444445,0.9993324380484612,0.9949405306821222,0.8530415351510203,
2026090501,2000,50,10,candidate_b_exposure_oracle,True,0.231,1538,0.7851860000000002,1.903680645486527,0.02888888888888889,1.1555555555555554,0.051111111111111114,0.06888888888888889,0.9994069354384848,0.995504502963765,0.9041579536578156,
2026090502,2000,50,10,candidate_b_exposure_oracle,True,0.227,1546,0.791944,1.9411336893681486,0.024444444444444446,0.9777777777777776,0.06222222222222223,0.08222222222222222,0.9993924110649859,0.9953947575123874,0.9061079655610919,
2026090501,2000,50,10,candidate_c_opportunity,False,0.2275,1545,0.7911220000000001,1.93700800204852,0.031111111111111114,1.2444444444444445,0.060000000000000005,0.07777777777777778,0.9985091603368994,0.9887427670123674,0.3439788321317259,
2026090502,2000,50,10,candidate_c_opportunity,False,0.2235,1553,0.797682,1.9738287666360526,0.026666666666666665,1.0666666666666667,0.07333333333333333,0.1,0.998454585068188,0.9883340800884166,0.30649683011880635,
2026090501,2000,100,10,true_random,False,0.406,1188,0.6570750000000001,1.3682105101189657,0.052222222222222225,1.0444444444444445,0.13,0.1788888888888889,1.0,0.9999999999999998,,
2026090502,2000,100,10,true_random,False,0.3925,1215,0.6752020000000001,1.4212670403551895,0.05,1.0,0.13777777777777778,0.2,1.0,0.9999999999999998,,
2026090501,2000,100,10,candidate_a_recency_oracle,True,0.4235,1153,0.6317980000000001,1.296148139681572,0.031111111111111114,0.6222222222222222,0.08777777777777779,0.1388888888888889,0.9987513906333165,0.9905601790999908,0.8247750438398244,
2026090502,2000,100,10,candidate_a_recency_oracle,True,0.409,1182,0.652277,1.3475904422338414,0.027777777777777776,0.5555555555555556,0.1,0.16,0.9987512012033045,0.9905587612105686,0.8267612085408926,
2026090501,2000,100,10,candidate_b_exposure_oracle,True,0.4255,1149,0.6287020000000001,1.286856635371633,0.03333333333333333,0.6666666666666666,0.08888888888888889,0.13444444444444445,0.998869940778879,0.9914548883362626,0.9010642974437305,
2026090502,2000,100,10,candidate_b_exposure_oracle,True,0.411,1178,0.6490530000000001,1.3341664064126333,0.031111111111111107,0.6222222222222222,0.10222222222222223,0.15666666666666665,0.9988343255774332,0.9911873020621311,0.9055496318485197,
2026090501,2000,100,10,candidate_c_opportunity,False,0.4205,1159,0.6363970000000001,1.3099618315050252,0.03777777777777778,0.7555555555555555,0.10111111111111111,0.14777777777777779,0.9985091603368994,0.9887427670123674,0.42719388349666676,
2026090502,2000,100,10,candidate_c_opportunity,False,0.401,1198,0.663583,1.3813037319865606,0.042222222222222223,0.8444444444444444,0.12000000000000001,0.18222222222222223,0.998454585068188,0.9883340800884166,0.4231853614602075,
2026090501,2000,25%,10,true_random,False,0.947,106,0.2992882000000001,0.543617512595023,0.2488888888888889,0.9955555555555556,0.5222222222222223,0.6375555555555555,1.0,0.9999999999999998,,
2026090502,2000,25%,10,true_random,False,0.937,126,0.30897320000000006,0.5575661395744903,0.24955555555555556,0.9982222222222222,0.5277777777777778,0.6455555555555557,1.0,0.9999999999999998,,
2026090501,2000,25%,10,candidate_a_recency_oracle,True,0.973,54,0.2559616,0.47057411743528776,0.18533333333333332,0.7413333333333333,0.46888888888888886,0.612,0.9967949144910475,0.9759745907954229,0.5959644900200805,
2026090502,2000,25%,10,candidate_a_recency_oracle,True,0.9755,49,0.25316720000000004,0.46355150738618034,0.17733333333333334,0.7093333333333334,0.46799999999999997,0.6148888888888888,0.9967845895012213,0.9758983311195978,0.5809025880109965,
2026090501,2000,25%,10,candidate_b_exposure_oracle,True,0.9805,39,0.22690999999999995,0.41971418846638964,0.20466666666666666,0.8186666666666667,0.464,0.6077777777777778,0.9959613508603861,0.96984589662933,0.8779915062781352,
2026090502,2000,25%,10,candidate_b_exposure_oracle,True,0.9825,35,0.23034759999999999,0.4233202097703345,0.19111111111111112,0.7644444444444445,0.4628888888888889,0.6095555555555555,0.9959217019043866,0.9695564171823264,0.8763579747949839,
2026090501,2000,25%,10,candidate_c_opportunity,False,0.9655,69,0.2631768000000001,0.47966655084548054,0.21955555555555556,0.8782222222222222,0.4917777777777778,0.6262222222222222,0.9985091603368994,0.9887427670123674,0.7168727782639516,
2026090502,2000,25%,10,candidate_c_opportunity,False,0.964,72,0.2661812000000001,0.48398347079213355,0.21577777777777776,0.863111111111111,0.49577777777777776,0.6262222222222222,0.998454585068188,0.9883340800884166,0.7264947663171062,
2026090501,2000,50%,10,true_random,False,0.999,2,0.1733705000000001,0.3120897306865447,0.49899999999999994,0.9979999999999999,0.8180000000000001,0.8805555555555555,1.0,0.9999999999999998,,
2026090502,2000,50%,10,true_random,False,1.0,0,0.17416399999999999,0.3117691453623979,0.4926666666666667,0.9853333333333334,0.8176666666666667,0.8786666666666666,1.0,0.9999999999999998,,
2026090501,2000,50%,10,candidate_a_recency_oracle,True,1.0,0,0.15025259999999996,0.2718823274874628,0.4406666666666667,0.8813333333333334,0.8182222222222222,0.8826666666666667,0.9973614052582483,0.9802220597433479,0.41226885077126635,
2026090502,2000,50%,10,candidate_a_recency_oracle,True,1.0,0,0.15013900000000002,0.27033312782565144,0.43066666666666664,0.8613333333333333,0.8193333333333334,0.8824444444444445,0.9974131722782843,0.9806074058614523,0.42467734694891374,
2026090501,2000,50%,10,candidate_b_exposure_oracle,True,1.0,0,0.11374220000000013,0.20976176963403032,0.4438888888888889,0.8877777777777778,0.8175555555555555,0.8844444444444445,0.9951169549544693,0.963657019112444,0.865665007180199,
2026090502,2000,50%,10,candidate_b_exposure_oracle,True,1.0,0,0.11260280000000011,0.20726794252850583,0.43466666666666665,0.8693333333333333,0.8183333333333334,0.8835555555555555,0.9951144932549975,0.9636408847724086,0.8648912338679041,
2026090501,2000,50%,10,candidate_c_opportunity,False,1.0,0,0.14718739999999997,0.2666083269517289,0.4736666666666667,0.9473333333333334,0.8155555555555556,0.8816666666666666,0.9985091603368994,0.9887427670123674,0.6077805960687336,
2026090502,2000,50%,10,candidate_c_opportunity,False,1.0,0,0.14647490000000007,0.2648018126826174,0.46900000000000003,0.9380000000000001,0.8157777777777777,0.881,0.998454585068188,0.9883340800884166,0.6072885051056305,
2026090501,4000,10,10,true_random,False,0.0245,3902,0.9759799999999998,6.371812928829597,0.011111111111111112,4.444444444444445,0.022222222222222223,0.022222222222222223,1.0,0.9999999999999998,,
2026090502,4000,10,10,true_random,False,0.02475,3901,0.975495,6.308724118235001,0.0,0.0,0.011111111111111112,0.011111111111111112,1.0,0.9999999999999998,,
2026090501,4000,10,10,candidate_a_recency_oracle,True,0.02475,3901,0.975495,6.308724118235001,0.0,0.0,0.011111111111111112,0.011111111111111112,0.9999349566048826,0.9994606932287157,0.87843953797126,
2026090502,4000,10,10,candidate_a_recency_oracle,True,0.02475,3901,0.975495,6.308724118235001,0.0,0.0,0.011111111111111112,0.011111111111111112,0.9999347644096337,0.9994591001339941,0.8859254111980016,
2026090501,4000,10,10,candidate_b_exposure_oracle,True,0.02475,3901,0.975495,6.308724118235001,0.0,0.0,0.011111111111111112,0.011111111111111112,0.9999431350254474,0.9995284943405487,0.9060701614494102,
2026090502,4000,10,10,candidate_b_exposure_oracle,True,0.02475,3901,0.975495,6.308724118235001,0.0,0.0,0.011111111111111112,0.011111111111111112,0.9999439105436154,0.9995349229321748,0.9090359434057291,
2026090501,4000,10,10,candidate_c_opportunity,False,0.02475,3901,0.975495,6.308724118235001,0.0,0.0,0.011111111111111112,0.011111111111111112,0.9986210019689341,0.9886384488420449,0.11977287582799437,
2026090502,4000,10,10,candidate_c_opportunity,False,0.02475,3901,0.975495,6.308724118235001,0.0,0.0,0.011111111111111112,0.011111111111111112,0.9986006823104828,0.9884720454736502,0.1058867225209188,
2026090501,4000,30,10,true_random,False,0.072,3712,0.9307599999999998,3.6606010435446255,0.007407407407407408,0.9876543209876544,0.02962962962962963,0.037037037037037035,1.0,0.9999999999999998,,
2026090502,4000,30,10,true_random,False,0.07175,3713,0.9312183333333333,3.6727222722238184,0.003703703703703704,0.4938271604938272,0.02962962962962963,0.04814814814814815,1.0,0.9999999999999998,,
2026090501,4000,30,10,candidate_a_recency_oracle,True,0.07225,3711,0.9302983333333332,3.648439544669901,0.003703703703703704,0.4938271604938272,0.025925925925925925,0.03333333333333333,0.9998076436341539,0.9984060385710464,0.872826484622895,
2026090502,4000,30,10,candidate_a_recency_oracle,True,0.0725,3710,0.9298333333333333,3.6362373715452385,0.003703703703703704,0.4938271604938272,0.022222222222222223,0.037037037037037035,0.9998074415998006,0.998404366120473,0.8755770169043534,
2026090501,4000,30,10,candidate_b_exposure_oracle,True,0.072,3712,0.9307599999999998,3.6606010435446255,0.007407407407407408,0.9876543209876544,0.02962962962962963,0.037037037037037035,0.9998287536000345,0.998580907861528,0.9085578748631716,
2026090502,4000,30,10,candidate_b_exposure_oracle,True,0.0725,3710,0.9298333333333333,3.6362373715452385,0.003703703703703704,0.4938271604938272,0.022222222222222223,0.037037037037037035,0.9998311635744619,0.9986008576229978,0.9091333695663383,
2026090501,4000,30,10,candidate_c_opportunity,False,0.07225,3711,0.9302983333333332,3.648439544669901,0.007407407407407408,0.9876543209876544,0.02962962962962963,0.03333333333333333,0.9986210019689341,0.9886384488420449,0.17208845715117294,
2026090502,4000,30,10,candidate_c_opportunity,False,0.072,3712,0.9307599999999998,3.6606010435446255,0.003703703703703704,0.4938271604938272,0.025925925925925925,0.044444444444444446,0.9986006823104828,0.9884720454736502,0.16779593133079684,
2026090501,4000,50,10,true_random,False,0.1185,3526,0.887324,2.7985710639538888,0.011111111111111112,0.8888888888888888,0.035555555555555556,0.04888888888888889,1.0,0.9999999999999998,,
2026090502,4000,50,10,true_random,False,0.119,3524,0.886447,2.792848008753788,0.015555555555555557,1.2444444444444445,0.03333333333333333,0.051111111111111114,1.0,0.9999999999999998,,
2026090501,4000,50,10,candidate_a_recency_oracle,True,0.12025,3519,0.884139,2.75826032128949,0.006666666666666666,0.5333333333333333,0.026666666666666665,0.03333333333333333,0.9996830285819298,0.9973749597678854,0.8685619232129751,
2026090502,4000,50,10,candidate_a_recency_oracle,True,0.12125,3515,0.8822889999999999,2.7408028021001436,0.0022222222222222222,0.17777777777777776,0.017777777777777778,0.031111111111111114,0.9996821950901754,0.9973680686717824,0.8707603275279556,
2026090501,4000,50,10,candidate_b_exposure_oracle,True,0.12025,3519,0.884139,2.75826032128949,0.006666666666666666,0.5333333333333333,0.026666666666666665,0.03333333333333333,0.9997210695833297,0.9976897948407014,0.9057100887201973,
2026090502,4000,50,10,candidate_b_exposure_oracle,True,0.1215,3514,0.8818039999999998,2.72910241654651,0.0022222222222222222,0.17777777777777776,0.017777777777777778,0.02888888888888889,0.999724384356939,0.997717201632803,0.9036715467246099,
2026090501,4000,50,10,candidate_c_opportunity,False,0.11975,3521,0.8850589999999998,2.7698375403622504,0.008888888888888889,0.711111111111111,0.026666666666666665,0.03777777777777778,0.9986210019689341,0.9886384488420449,0.22940723099120625,
2026090502,4000,50,10,candidate_c_opportunity,False,0.1205,3518,0.8836929999999998,2.75826032128949,0.0044444444444444444,0.3555555555555555,0.02,0.035555555555555556,0.9986006823104828,0.9884720454736502,0.21589302747112252,
2026090501,4000,100,10,true_random,False,0.22425,3103,0.7965315,1.969771560359221,0.02888888888888889,1.1555555555555554,0.06888888888888889,0.0911111111111111,1.0,0.9999999999999998,,
2026090502,4000,100,10,true_random,False,0.22675,3093,0.7925534999999999,1.9534584715319647,0.027777777777777776,1.1111111111111112,0.06333333333333334,0.08222222222222222,1.0,0.9999999999999998,,
2026090501,4000,100,10,candidate_a_recency_oracle,True,0.229,3084,0.7885935,1.9224983745116666,0.016666666666666666,0.6666666666666666,0.04777777777777778,0.06888888888888889,0.999386944990005,0.9949299609537909,0.8569491402503836,
2026090502,4000,100,10,candidate_a_recency_oracle,True,0.23225,3071,0.7831444999999999,1.8994736112934025,0.012222222222222223,0.4888888888888888,0.03888888888888889,0.05777777777777778,0.9993856438277218,0.9949192345047798,0.8575254587134916,
2026090501,4000,100,10,candidate_b_exposure_oracle,True,0.23,3080,0.786878,1.9120669444347391,0.016666666666666666,0.6666666666666666,0.04888888888888889,0.06666666666666667,0.9994551689265965,0.9954935075511158,0.9046023562866861,
2026090502,4000,100,10,candidate_b_exposure_oracle,True,0.232,3072,0.7835755,1.901578291840754,0.015555555555555557,0.6222222222222222,0.043333333333333335,0.06222222222222223,0.999457021987968,0.995508769271632,0.9036247942426715,
2026090501,4000,100,10,candidate_c_opportunity,False,0.2285,3086,0.7894264999999998,1.9266551326067674,0.016666666666666666,0.6666666666666666,0.05333333333333334,0.07111111111111111,0.9986210019689341,0.9886384488420449,0.32723365687692274,
2026090502,4000,100,10,candidate_c_opportunity,False,0.22975,3081,0.7874785,1.9245778757951053,0.02,0.7999999999999999,0.051111111111111114,0.06888888888888889,0.9986006823104828,0.9884720454736502,0.2900419146415641,
2026090501,4000,25%,10,true_random,False,0.94975,201,0.2953066,0.536208914510007,0.24533333333333335,0.9813333333333334,0.5228888888888888,0.637,1.0,0.9999999999999998,,
2026090502,4000,25%,10,true_random,False,0.949,204,0.30246669999999987,0.5475764786767232,0.25533333333333336,1.0213333333333334,0.5221111111111111,0.6392222222222222,1.0,0.9999999999999998,,
2026090501,4000,25%,10,candidate_a_recency_oracle,True,0.9825,70,0.24534294999999995,0.4505108211796915,0.17422222222222222,0.6968888888888889,0.46977777777777774,0.612,0.9970709062919404,0.9760407438079464,0.5615559435172586,
2026090502,4000,25%,10,candidate_a_recency_oracle,True,0.97625,95,0.2553208,0.4666476186588763,0.18711111111111112,0.7484444444444445,0.46744444444444444,0.6165555555555556,0.9970439635851228,0.9758228429976642,0.5738399862528988,
2026090501,4000,25%,10,candidate_b_exposure_oracle,True,0.986,56,0.22190555,0.40948748454623124,0.18755555555555556,0.7502222222222222,0.46811111111111114,0.6071111111111112,0.996364980379866,0.9703738678831373,0.8721753198629124,
2026090502,4000,25%,10,candidate_b_exposure_oracle,True,0.98325,67,0.22759924999999992,0.4196188746946448,0.19766666666666666,0.7906666666666666,0.4650000000000001,0.609,0.9962413077560136,0.9693852237193761,0.8715578427271442,
2026090501,4000,25%,10,candidate_c_opportunity,False,0.97275,109,0.25409919999999997,0.46424131655853296,0.21177777777777776,0.847111111111111,0.4925555555555555,0.6195555555555556,0.9986210019689341,0.9886384488420449,0.702878540357179,
2026090502,4000,25%,10,candidate_c_opportunity,False,0.96725,131,0.2654942,0.4829906831399546,0.22544444444444445,0.9017777777777778,0.49377777777777776,0.625,0.9986006823104828,0.9884720454736502,0.7139339074570481,
2026090501,4000,50%,10,true_random,False,0.99925,3,0.1747053999999999,0.3140382142351469,0.4942777777777778,0.9885555555555556,0.8217777777777777,0.8797222222222222,1.0,0.9999999999999998,,
2026090502,4000,50%,10,true_random,False,0.99875,5,0.17492992499999982,0.315150757574847,0.5005555555555555,1.001111111111111,0.818111111111111,0.8778888888888888,1.0,0.9999999999999998,,
2026090501,4000,50%,10,candidate_a_recency_oracle,True,1.0,0,0.14902819999999983,0.2693325082495613,0.43238888888888893,0.8647777777777779,0.8229444444444445,0.8823333333333333,0.9976169250262753,0.980507569371096,0.4265571507637289,
2026090502,4000,50%,10,candidate_a_recency_oracle,True,1.0,0,0.14885379999999993,0.2701481075262235,0.43844444444444447,0.8768888888888889,0.8183333333333334,0.8822777777777778,0.9975923256282485,0.980307352356936,0.43531718839157346,
2026090501,4000,50%,10,candidate_b_exposure_oracle,True,1.0,0,0.11251077499999984,0.20779797881596443,0.4324444444444444,0.8648888888888888,0.8223333333333334,0.8841111111111111,0.9955863865932925,0.9641451910966943,0.8656663549169766,
2026090502,4000,50%,10,candidate_b_exposure_oracle,True,1.0,0,0.1128788999999999,0.20871032557111305,0.43944444444444447,0.8788888888888889,0.8173888888888888,0.8843333333333333,0.9954977288158691,0.9634404292900994,0.8629293295419426,
2026090501,4000,50%,10,candidate_c_opportunity,False,1.0,0,0.14836864999999988,0.26884940022250375,0.4703888888888889,0.9407777777777778,0.8195,0.8802222222222222,0.9986210019689341,0.9886384488420449,0.5984935797161778,
2026090502,4000,50%,10,candidate_c_opportunity,False,1.0,0,0.14803927499999991,0.2682163305990148,0.4748888888888889,0.9497777777777778,0.8152777777777778,0.8807777777777778,0.9986006823104828,0.9884720454736502,0.6076211783946583,
